name,title,department,account_domain
Jane Doe,VP of Revenue Operations,Revenue Operations,northstar-metrics.com
Carlos Mendez,Director of Sales Operations,Sales Operations,northstar-metrics.com
Tom Lee,Office Manager,Facilities,northstar-metrics.com
Priya Shah,Director of Sales Operations,Sales Operations,fieldglow.io
Max Cole,Marketing Coordinator,Marketing,fieldglow.io
Sam Okafor,Head of Engineering,Engineering,bramblecart.com
Lucia Fernandez,Customer Support Specialist,Support,bramblecart.com
Ben Turner,Chief Revenue Officer,Revenue,loomwork.io
Ivy Chen,Executive Assistant,Administration,loomwork.io
Grace Kim,VP of Engineering,Engineering,verdantanalytics.com
Owen Park,Sales Development Representative,Sales,verdantanalytics.com
Noah Adeyemi,Director of IT,IT,circuiton.io
Ella Novak,Junior Accountant,Finance,circuiton.io
Maria Rossi,SVP of Sales,Sales,haloworks.com
Leo Bianchi,Front Desk Coordinator,Facilities,haloworks.com
Ahmed Farouk,VP of Operations,Operations,quillstack.io
,VP of Revenue Operations,Revenue Operations,quillstack.io
